Release Date,Language,Set / Source,Card #,1st Ed?,Variant / Stamp / Code,Error / Notes
1999,English,Base Set,68/102,Yes,Shadowless,
1999,English,Base Set,68/102,Yes,Shadowless 2D Thick Stamp,Blue Ink Drop Error
1999,English,Base Set,68/102,Yes,Shadowless Thin Stamp,Error
1999,English,Base Set,68/102,Yes,Shadowless Grey Stamp,Error
1999,English,Base Set,68/102,No,Shadowless,
1999,English,Base Set,68/102,No,Shadowless,Blue Ink Drop Error
1999,English,Base Set (Unlimited),68/102,No,©1999,
1999,English,Base Set (UK/4th Print),68/102,No,©1999-2000,
2000,English,Base Set 2,99/130,No,Non-Holo,
2002,English,Legendary Collection,98/110,No,Non-Holo,
2002,English,Legendary Collection,98/110,No,Reverse Foil,
2016,English,XY Evolutions,14/108,No,Non-Holo,
2016,English,XY Evolutions,14/108,No,Reverse Holo,
1996,Japanese,Expansion Pack,,No,No Rarity Symbol,
1996,Japanese,Expansion Pack,,No,With Rarity Symbol,
2016,Japanese,20th Anniversary,014/087,Yes,Non-Holo,
1999,Dutch,Base Set,68/102,Yes,Non-Holo,
1999,Dutch,Base Set,68/102,No,Non-Holo,
1999,German,Base Set,68/102,Yes,Non-Holo,
1999,German,Base Set,68/102,No,Non-Holo,
2016,German,XY Evolutions,14/108,No,Non-Holo,
2016,German,XY Evolutions,14/108,No,Reverse Holo,
1999,French,Base Set,68/102,Yes,Non-Holo,
1999,French,Base Set,68/102,No,Non-Holo,
2016,French,XY Evolutions,14/108,No,Non-Holo,
2016,French,XY Evolutions,14/108,No,Reverse Holo,
1999,Italian,Base Set,68/102,Yes,Non-Holo,
1999,Italian,Base Set,68/102,No,Non-Holo,
2016,Italian,XY Evolutions,14/108,No,Non-Holo,
2016,Italian,XY Evolutions,14/108,No,Reverse Holo,
1999,Spanish,Base Set,68/102,Yes,©1999,
1999,Spanish,Base Set,68/102,Yes,©1999-2000,
1999,Spanish,Base Set,68/102,No,©1999,
1999,Spanish,Base Set,68/102,No,©1999-2000,
2016,Spanish,XY Evolutions,14/108,No,Non-Holo,
2016,Spanish,XY Evolutions,14/108,No,Reverse Holo,
1999,Portuguese,Base Set,68/102,Yes,Non-Holo,
1999,Portuguese,Base Set,68/102,No,Non-Holo,
1999,Korean,Base Set,68/102,Yes,Non-Holo,
1999,Korean,Base Set,68/102,No,Non-Holo,
2016,Korean,20th Anniversary,14/100,No,Non-Holo,
1999,T. Chinese,Base Set,68/102,Yes,Non-Holo,
1999,T. Chinese,Base Set,68/102,No,Non-Holo,
1998,Japanese,Vending Series 3 (Green),,No,Glossy,Light Print Run
1998,Japanese,Vending Series 3 (Green),,No,Glossy,Dark Print Run
1998,Japanese,Quick Starter Gift Set,,No,Green Deck,
2000,English,Gym Heroes,65/132,Yes,Blaine's Vulpix,
2000,English,Gym Heroes,65/132,Yes,Blaine's Vulpix,Grey Stamp Error
2000,English,Gym Heroes,65/132,No,Blaine's Vulpix,
1999,Japanese,Challenge from Darkness,,No,With Rarity Symbol,
1998,Japanese,Guren Town Gym,,No,No Rarity Symbol,
2000,English,Gym Heroes,73/132,Yes,Brock's Vulpix,
2000,English,Gym Heroes,73/132,Yes,Brock's Vulpix,Grey Stamp Error
2000,English,Gym Heroes,73/132,No,Brock's Vulpix,
1998,Japanese,Leaders' Stadium,,No,With Rarity Symbol,
1998,Japanese,Nivi City Gym,,No,No Rarity Symbol,
2000,English,Gym Challenge,37/132,Yes,Brock's Vulpix,
2000,English,Gym Challenge,37/132,No,Brock's Vulpix,
2000,English,Gym Challenge,37/132,No,Brock's Vulpix,W Stamp
2000,English,Gym Challenge,66/132,Yes,Blaine's Vulpix,
2000,English,Gym Challenge,66/132,No,Blaine's Vulpix,
2001,Japanese,Pokémon Web,008/048,Yes,Non-Holo,
2001,Japanese,Pokémon Web,008/048,No,Non-Holo,
2002,English,Neo Destiny,90/105,Yes,Non-Holo,
2002,English,Neo Destiny,90/105,No,Non-Holo,
2001,Japanese,Darkness and to Light,,No,Non-Holo,
2002,German,Neo Destiny,90/105,Yes,Non-Holo,
2002,German,Neo Destiny,90/105,No,Non-Holo,
2002,French,Neo Destiny,90/105,Yes,Non-Holo,
2002,French,Neo Destiny,90/105,No,Non-Holo,
2002,Italian,Neo Destiny,90/105,Yes,Non-Holo,
2002,Italian,Neo Destiny,90/105,No,Non-Holo,
2002,English,Expedition Base Set,136/165,No,Non-Holo,
2002,English,Expedition Base Set,136/165,No,Reverse Holo,
2001,Japanese,Base Expansion Pack,006/128,Yes,Non-Holo,
2002,German,Expedition Base Set,136/165,No,Non-Holo,
2002,German,Expedition Base Set,136/165,No,Reverse Holo,
2002,French,Expedition Base Set,136/165,No,Non-Holo,
2002,French,Expedition Base Set,136/165,No,Reverse Holo,
2002,Italian,Expedition Base Set,136/165,No,Non-Holo,
2002,Italian,Expedition Base Set,136/165,No,Reverse Holo,
2002,Japanese,McDonald's Minimum Pack,005/018,No,Non-Holo,
2003,English,Aquapolis,116/147,No,Non-Holo,
2003,English,Aquapolis,116/147,No,Reverse Holo,
2002,Japanese,Wind from the Sea,021/087,Yes,Non-Holo,
2002,Japanese,Wind from the Sea,021/087,No,Non-Holo,
2003,German,Aquapolis,116/147,No,Non-Holo,
2003,German,Aquapolis,116/147,No,Reverse Holo,
2003,French,Aquapolis,116/147,No,Non-Holo,
2003,French,Aquapolis,116/147,No,Reverse Holo,
2003,Italian,Aquapolis,116/147,No,Non-Holo,
2003,Italian,Aquapolis,116/147,No,Reverse Holo,
2004,English,EX Hidden Legends,81/101,No,Non-Holo,
2004,English,EX Hidden Legends,81/101,No,Reverse Holofoil,
2004,Japanese,Undone Seal,016/083,Yes,Non-Holo,
2004,Japanese,Undone Seal,016/083,No,Non-Holo,
2004,French,EX Hidden Legends,81/101,No,Non-Holo,
2004,French,EX Hidden Legends,81/101,No,Reverse Holofoil,
2004,Italian,EX Hidden Legends,81/101,No,Non-Holo,
2004,Italian,EX Hidden Legends,81/101,No,Reverse Holofoil,
2005,English,EX Emerald,72/106,No,Non-Holo,
2005,English,EX Emerald,72/106,No,Reverse Holofoil,
2006,English,EX Trainer Kit 2,7/12,No,Minun Half Deck,
2005,Japanese,Fire Quick Construction Pack,,No,Non-Holo,
2005,German,EX Emerald,72/106,No,Non-Holo,
2005,German,EX Emerald,72/106,No,Reverse Holofoil,
2006,German,EX Trainer Kit 2,7/12,No,Minun Half Deck,
2006,English,EX Dragon Frontiers,70/101,No,Non-Holo (Delta Species),
2006,English,EX Dragon Frontiers,70/101,No,Reverse Holofoil (Delta Species),
2006,Japanese,Offense and Defense,029/068,Yes,Non-Holo (Delta Species),
2006,Japanese,Offense and Defense,029/068,No,Non-Holo (Delta Species),
2007,English,EX Power Keepers,69/108,No,Non-Holo,
2007,English,EX Power Keepers,69/108,No,Reverse Holofoil,
2007,Japanese,World Champions Pack,009/108,Yes,Non-Holo,
2007,Japanese,World Champions Pack,009/108,No,Non-Holo,
2007,English,Mysterious Treasures,107/123,No,Non-Holo,
2007,English,Mysterious Treasures,107/123,No,Reverse Holo,
2007,Japanese,Secret of the Lakes,DPBP#039,Yes,Non-Holo,
2007,Japanese,Secret of the Lakes,DPBP#039,No,Non-Holo,
2007,Korean,Random Constructed Half Decks,10/55,No,Non-Holo,
2008,English,Platinum,102/127,No,Non-Holo,
2008,English,Platinum,102/127,No,Reverse Holo,
2008,Japanese,Galactic's Conquest,016/096,Yes,Non-Holo,
2008,Japanese,Galactic's Conquest,016/096,No,Non-Holo,
2008,English,Platinum,SH6,No,Reverse Holo,Shiny Vulpix
2008,Japanese,Galactic's Conquest,017/096,Yes,Starfoil,
2008,Japanese,Galactic's Conquest,017/096,No,Starfoil,
2010,English,HeartGold & SoulSilver,87/123,No,Non-Holo,
2010,English,HeartGold & SoulSilver,87/123,No,Non-Holo,Undaunted Symbol Error
2010,English,HeartGold & SoulSilver,87/123,No,Reverse Holo,
2009,Japanese,SoulSilver Collection,012/070,Yes,Non-Holo,
2009,Japanese,SoulSilver Collection,012/070,Yes,Reverse Holo,
2011,English,Call of Legends,75/95,No,Non-Holo,
2011,English,Call of Legends,75/95,No,Reverse Holo,
2010,English,Unleashed,68/95,No,Non-Holo,
2010,English,Unleashed,68/95,No,Reverse Holo,
2007,Japanese,Magmortar Battle Starter Deck,001/009,No,Non-Holo,
2012,English,Dragons Exalted,18/124,No,Non-Holo,
2012,English,Dragons Exalted,18/124,No,Reverse Holo,
2012,Japanese,Dragon Blast,009/050,Yes,Non-Holo,
2012,Japanese,Dragon Blast,009/050,No,Non-Holo,
2013,English,Legendary Treasures,20/113,No,Non-Holo,
2013,English,Legendary Treasures,20/113,No,Reverse Holo,
2013,Japanese,EX Battle Boost,012/093,Yes,Non-Holo,
2013,Japanese,EX Battle Boost,012/093,Yes,Reverse Holo,
2013,Japanese,EX Battle Boost,012/093,No,Non-Holo,
2013,Japanese,EX Battle Boost,012/093,No,Reverse Holo,
2015,English,Primal Clash,20/160,No,Non-Holo,
2015,English,Primal Clash,20/160,No,Build-a-Bear Stamp,
2015,English,Primal Clash,20/160,No,Reverse Holo,
2016,English,McDonald's Collection 2016,,No,Confetti Holofoil,
2014,Japanese,Gaia Volcano,012/070,Yes,Non-Holo,
2014,Japanese,Gaia Volcano,012/070,No,Non-Holo,
2015,Japanese,Promo,110/XY-P,No,Non-Holo,
2015,Korean,Promo,059/XY-P,No,Non-Holo,
2017,Japanese,Promo,146/SM-P,No,Starfoil,Crystal Season
2019,English,Team Up,15/181,No,Non-Holo,
2019,English,Team Up,15/181,No,Reverse Holo,
2019,English,Team Up,15/181,No,WCS Deck 2019 (Fire Box),
2018,Japanese,Tag Bolt,014/095,No,Non-Holo,
2019,Japanese,Tag All Stars,017/173,No,Non-Holo,
2019,Japanese,Tag All Stars,017/173,No,Reverse Holo,
2020,English,Sword & Shield,022/202,No,Non-Holo,
2020,English,Sword & Shield,022/202,No,Reverse Holo,
2020,Japanese,V Starter Set Fire,001/023,No,Non-Holo,
2020,English,Rebel Clash,024/192,No,Non-Holo,
2020,English,Rebel Clash,024/192,No,Reverse Holo,
2020,Japanese,VMAX Rising,012/070,No,Non-Holo,
2020,English,Champion's Path,006/073,No,Non-Holo,
2020,English,Champion's Path,006/073,No,Reverse Holo,
2020,Japanese,V Starter Decks,012/127,No,Fire Incineroar V Deck,
2021,English,Fusion Strike,028/274,No,Non-Holo,
2021,English,Fusion Strike,028/274,No,Reverse Holo,
2021,Japanese,Blue Sky Stream,010/067,No,Non-Holo,
2021,Japanese,Special Deck Set,003/030,No,Charizard vs Rayquaza,
2021,English,Fusion Strike,029/264,No,Non-Holo,
2021,English,Fusion Strike,029/264,No,Reverse Holo,
2021,Japanese,Family Pokémon Card Game,007/053,No,Non-Holo,
2021,Japanese,Start Deck 100,046/414,No,Non-Holo,
2021,Japanese,Start Deck 100,046/414,No,Reverse Holo,
2022,English,Silver Tempest,017/195,No,Non-Holo,
2022,English,Silver Tempest,017/195,No,Reverse Holo,
2022,Japanese,Lost Abyss,013/100,No,Non-Holo,
2023,English,Obsidian Flames,028/197,No,Non-Holo,
2023,English,Obsidian Flames,028/197,No,Reverse Holo,
2023,Japanese,Ruler of the Black Flame,014/108,No,Non-Holo,
2023,English,151,037/165,No,Non-Holo,
2023,English,151,037/165,No,Reverse Holo,
2023,Japanese,Pokémon Card 151,037/165,No,Non-Holo,
2023,Japanese,Pokémon Card 151,037/165,No,Reverse Holo (Master Ball),
2023,Japanese,Pokémon Card 151,037/165,No,Reverse Holo (Pokeball),
2024,English,Twilight Masquerade,026/167,No,Non-Holo,
2024,English,Twilight Masquerade,026/167,No,Reverse Holo,
2024,Japanese,Crimson Haze,010/066,No,Non-Holo,
2024,English,Surging Sparks,016/191,No,Non-Holo,
2024,English,Surging Sparks,016/191,No,Reverse Holo,
2024,Japanese,Stellar Tera Type Starter Set,001/022,No,Ceruledge ex Deck,
2017,English,Guardians Rising,21/145,No,Alolan Vulpix,
2017,English,Guardians Rising,21/145,No,Alolan Vulpix Reverse Holo,
2017,English,Guardians Rising,21/145,No,Build-a-Bear Stamp,
2017,English,Guardians Rising,21/145,No,Toys R Us Stamp,Cosmos Holo
2017,English,Guardians Rising,21/145,No,WCS 2017 (Ice Path),
2017,English,Guardians Rising,21/145,No,WCS 2017 (Infinite Force),
2017,English,Sun & Moon Trainer Kit,14,No,Alolan Ninetales Half Deck,
2017,English,Sun & Moon Trainer Kit,29,No,Alolan Ninetales Half Deck,
2016,Japanese,Islands Await You,012/050,No,Non-Holo,
2017,Japanese,Facing a New Trial,013/049,No,Reverse Holo,
2018,Japanese,GX Ultra Shiny,022/150,No,Non-Holo,
2018,Japanese,GX Ultra Shiny,022/150,No,Cracked Ice Reverse Holo,
2017,English,Promo,21a/145,No,Yellow A Alternate,Holofoil
2017,Japanese,Promo,052/SM-P,No,Holofoil,
2017,Korean,Promo,053/SM-P,No,Holofoil,
2019,Indonesian,Promo,039/SM-P,No,Non-Holo,
2019,English,Hidden Fates,SV8/SV94,No,Shiny Secret Rare,
2018,Japanese,GX Ultra Shiny,168/150,No,Shiny Secret Rare,
2017,English,Burning Shadows,27/147,No,Non-Holo,
2017,English,Burning Shadows,27/147,No,Reverse Holo,
2017,Japanese,Promo,023/SM-P,No,Non-Holo,
2018,Japanese,Promo,206/SM-P,No,Non-Holo,
2018,English,Ultra Prism,30/156,No,Non-Holo,
2018,English,Ultra Prism,30/156,No,Reverse Holo,
2017,Japanese,GX Battle Boost,022/114,No,Reverse Holo (Black Symbol),
2017,Japanese,GX Battle Boost,022/114,No,Reverse Holo (White Symbol),
2017,Japanese,Promo,147/SM-P,No,Holofoil,
2018,English,Lost Thunder,53/214,No,Non-Holo,
2018,English,Lost Thunder,53/214,No,Reverse Holo,
2019,Japanese,Promo,379/SM-P,No,Non-Holo,Lawson Promo
2019,Japanese,Tag All Stars,032/173,No,Non-Holo,
2019,Japanese,Tag All Stars,032/173,No,Reverse Holo,
2017,Japanese,Promo,003/SM-P,No,Non-Holo,
2019,English,Cosmic Eclipse,39/239,No,Non-Holo,
2019,English,Cosmic Eclipse,39/239,No,Reverse Holo,
2019,Japanese,Alter Genesis,016/095,No,Non-Holo,
2022,English,Silver Tempest,033/195,No,Alolan Vulpix V,Ultra Rare
2022,English,Silver Tempest,033/195,No,Snowflake Stamp (Calendar),Ultra Rare
2022,Japanese,Incandescent Arcana,022/068,No,Ultra Rare,
2022,English,Silver Tempest,173/195,No,Alolan Vulpix V FA,Full Art
2022,Japanese,Incandescent Arcana,077/068,No,Secret Rare,
2022,English,Silver Tempest,034/195,No,Alolan Vulpix VSTAR,
2022,Japanese,Incandescent Arcana,023/068,No,Ultra Rare,
2022,English,Silver Tempest,197/195,No,Alolan Vulpix VSTAR,Rainbow Rare
2022,Japanese,Incandescent Arcana,087/068,No,Secret Rare,
1998,Japanese,Vending Series 3 (Green),,No,Ouch! At the Pokémon Mansion,Glossy
2023,English,My First Battle,,No,Charmander,
2025,English,Mega Evolution,138/132,No,Illustration Rare,
2009,English,Pokémon Rumble,7/16,No,Pikachu (Cameo),
2009,Japanese,Pokémon Scramble,007/016,No,Pikachu (Cameo),
2016,Japanese,Promo,005/SM-P,No,Sapporo's Pikachu (Cameo),
2016,Japanese,Promo,037/SM-P,No,Poncho-wearing Pikachu,Alolan Vulpix Poncho
2016,Japanese,Promo,038/SM-P,No,Poncho-wearing Pikachu,Vulpix Poncho
2022,Korean,Playing Cards,,No,Paper Safari,
2022,Japanese,Playing Cards,4 of Diamonds,No,Black 2,
